{
    "accuracy": 0.8374305571174737,
    "precision": 0.15380068566024352,
    "recall": 0.9489423778264041,
    "f1": 0.2646998982706002,
    "auc": 0.9434707164740432,
    "confusion_matrix": {
        "TN": 35932,
        "FP": 7158,
        "FN": 70,
        "TP": 1301
    },
    "classification_report": {
        "0": {
            "precision": 0.9980556635742459,
            "recall": 0.8338825713622651,
            "f1-score": 0.908612754766601,
            "support": 43090.0
        },
        "1": {
            "precision": 0.15380068566024352,
            "recall": 0.9489423778264041,
            "f1-score": 0.2646998982706002,
            "support": 1371.0
        },
        "accuracy": 0.8374305571174737,
        "macro avg": {
            "precision": 0.5759281746172447,
            "recall": 0.8914124745943346,
            "f1-score": 0.5866563265186006,
            "support": 44461.0
        },
        "weighted avg": {
            "precision": 0.972022205606137,
            "recall": 0.8374305571174737,
            "f1-score": 0.8887570491761729,
            "support": 44461.0
        }
    }
}